2016-07-22-11:24,중앙역(2번출구),10
2016-07-22-11:24,신 안산대학교,13
2016-07-22-11:24,신길초등학교,0
2016-07-22-11:24,중앙역(신도시),11
2016-07-22-11:24,상록구노인복지회관,5
2016-07-22-11:24,준공업단지사거리,11
2016-07-22-11:24,당곡 운동장,3
2016-07-22-11:24,성안중학교,16
2016-07-22-11:24,기업은행 반월지점,12
2016-07-22-11:24,선부고등학교,12
2016-07-22-11:24,단원구노인복지회관,10
2016-07-22-11:24,송호고등학교,5
2016-07-22-11:24,사동 GS주유소,9
2016-07-22-11:24,반월공원,14
2016-07-22-11:24,다농마트사거리,10
2016-07-22-11:24,초지역,10
2016-07-22-11:24,한양대앞역(환승주차장),24
2016-07-22-11:24,호수공원 APT,2
2016-07-22-11:24,중앙도서관,21
2016-07-22-11:24,한양대앞역(농수산물 도매시장),4
2016-07-22-11:24,노적봉사거리,12
2016-07-22-11:24,선부1동 주민센터,12
2016-07-22-11:24,강서고,7
2016-07-22-11:24,송호중학교,12
2016-07-22-11:24,검찰청정문,10
2016-07-22-11:24,이동 주민센터,2
2016-07-22-11:24,부곡종합시장,11
2016-07-22-11:24,안산디자인문화고등학교,12
2016-07-22-11:24,원곡본동 주민센터,5
2016-07-22-11:24,일동주민센터,12
2016-07-22-11:24,월피동 광덕시장,9
2016-07-22-11:24,안산 식물원,6
2016-07-22-11:24,고잔역(신도시),4
2016-07-22-11:24,관산도서관,8
2016-07-22-11:24,화랑유원지 제2주차장,6
2016-07-22-11:24,와스타디움(롯데마트),5
2016-07-22-11:24,고잔1동주민센터,8
2016-07-22-11:24,와동체육공원,12
2016-07-22-11:24,안산대학교,7
2016-07-22-11:24,은하수공원,12
2016-07-22-11:24,단원미술관,4
2016-07-22-11:24,와동 주민센터,7
2016-07-22-11:24,다문화 지원센터,17
2016-07-22-11:24,부곡도서관,3
2016-07-22-11:24,수변공원,3
2016-07-22-11:24,산업단지공단 경기지역본부,1
2016-07-22-11:24,조각공원,8
2016-07-22-11:24,감골시민홀,4
2016-07-22-11:24,군자주공13단지,13
2016-07-22-11:24,사3동주민센터,17
2016-07-22-11:24,고잔역(고대병원),6
2016-07-22-11:24,그린빌 10단지,1
2016-07-22-11:24,반월역,0
2016-07-22-11:24,성포중학교,9
2016-07-22-11:24,원곡2동 베스트 플라자,3
2016-07-22-11:24,관산중학교,8
2016-07-22-11:24,사2동주민센터,14
2016-07-22-11:24,U-정보센터,10
2016-07-22-11:24,단원구청,10
2016-07-22-11:24,선부동 롯데마트,8
2016-07-22-11:24,상록수역(1번출구),17
2016-07-22-11:24,올림픽 기념관,13
2016-07-22-11:24,중앙역맞은편,16
2016-07-22-11:24,초지동 이마트,15
2016-07-22-11:24,대부도관광안내소,0
2016-07-22-11:24,서울예술대학,10
2016-07-22-11:24,사세충열문사거리,9
2016-07-22-11:24,광덕고,3
2016-07-22-11:24,수암보도육교,3
2016-07-22-11:24,25시 문화광장(CGV 앞),6
2016-07-22-11:24,원시역(두산동아),6
2016-07-22-11:24,본오1동 주민센터,5
2016-07-22-11:24,한양대 기숙사,10
2016-07-22-11:24,양지중학교,9
2016-07-22-11:24,신길고 사거리,4
2016-07-22-11:24,석수골운동장,7
2016-07-22-11:24,상록수역(2번출구),9
2016-07-22-11:24,충효입구삼거리,7
2016-07-22-11:24,월피동주민센터,5
2016-07-22-11:24,안산시 환경교통국,12
2016-07-22-11:24,시외버스터미널(터미널사거리),3
2016-07-22-11:24,안산시청,4
2016-07-22-11:24,안산역,24
2016-07-22-11:24,시화호조력발전소,10
2016-07-22-11:24,성포동 경일초교 사거리,9
2016-07-22-11:24,상록구청,15
2016-07-22-11:24,대부바다향기 테마파크,11
2016-07-22-11:24,월피동 한양 APT,5
2016-07-22-11:24,한양대사거리,13
2016-07-22-11:24,건건천복개주차장,8
2016-07-22-11:24,본오동한양아파트,7
2016-07-22-11:24,중앙주유소사거리,13
2016-07-22-11:24,와동 면허시험장,7
2016-07-22-11:24,선부동 벽산블루밍,15
2016-07-22-11:24,본오2차아파트,11
2016-07-22-11:24,한양연립,10
2016-07-22-11:24,둔배미공원,17
2016-07-22-11:24,비츠로테크 맞은편,9
2016-07-22-11:24,안산문화광장,11
2016-07-22-11:24,본오중학교,7
2016-07-22-11:24,수암동거주자우선주차장,5
2016-07-22-11:24,중앙역(2번출구),10
2016-07-22-11:24,신 안산대학교,13
2016-07-22-11:24,신길초등학교,0
2016-07-22-11:24,중앙역(신도시),11
2016-07-22-11:24,상록구노인복지회관,5
2016-07-22-11:24,준공업단지사거리,11
2016-07-22-11:24,당곡 운동장,3
2016-07-22-11:24,성안중학교,16
2016-07-22-11:24,기업은행 반월지점,12
2016-07-22-11:24,선부고등학교,12
2016-07-22-11:24,단원구노인복지회관,10
2016-07-22-11:24,송호고등학교,5
2016-07-22-11:24,사동 GS주유소,9
2016-07-22-11:24,반월공원,14
2016-07-22-11:24,다농마트사거리,10
2016-07-22-11:24,초지역,10
2016-07-22-11:24,한양대앞역(환승주차장),24
2016-07-22-11:24,호수공원 APT,2
2016-07-22-11:24,중앙도서관,21
2016-07-22-11:24,한양대앞역(농수산물 도매시장),4
2016-07-22-11:24,노적봉사거리,12
2016-07-22-11:24,선부1동 주민센터,12
2016-07-22-11:24,강서고,7
2016-07-22-11:24,송호중학교,12
2016-07-22-11:24,검찰청정문,9
2016-07-22-11:24,이동 주민센터,2
2016-07-22-11:24,부곡종합시장,11
2016-07-22-11:24,안산디자인문화고등학교,12
2016-07-22-11:24,원곡본동 주민센터,5
2016-07-22-11:24,일동주민센터,12
2016-07-22-11:24,월피동 광덕시장,9
2016-07-22-11:24,안산 식물원,6
2016-07-22-11:24,고잔역(신도시),4
2016-07-22-11:24,관산도서관,8
2016-07-22-11:24,화랑유원지 제2주차장,6
2016-07-22-11:24,와스타디움(롯데마트),5
2016-07-22-11:24,고잔1동주민센터,8
2016-07-22-11:24,와동체육공원,12
2016-07-22-11:24,안산대학교,7
2016-07-22-11:24,은하수공원,12
2016-07-22-11:24,단원미술관,4
2016-07-22-11:24,와동 주민센터,7
2016-07-22-11:24,다문화 지원센터,17
2016-07-22-11:24,부곡도서관,3
2016-07-22-11:24,수변공원,3
2016-07-22-11:24,산업단지공단 경기지역본부,1
2016-07-22-11:24,조각공원,8
2016-07-22-11:24,감골시민홀,4
2016-07-22-11:24,군자주공13단지,13
2016-07-22-11:24,사3동주민센터,17
2016-07-22-11:24,고잔역(고대병원),6
2016-07-22-11:24,그린빌 10단지,1
2016-07-22-11:24,반월역,0
2016-07-22-11:24,성포중학교,9
2016-07-22-11:24,원곡2동 베스트 플라자,3
2016-07-22-11:24,관산중학교,8
2016-07-22-11:24,사2동주민센터,14
2016-07-22-11:24,U-정보센터,10
2016-07-22-11:24,단원구청,10
2016-07-22-11:24,선부동 롯데마트,8
2016-07-22-11:24,상록수역(1번출구),17
2016-07-22-11:24,올림픽 기념관,13
2016-07-22-11:24,중앙역맞은편,16
2016-07-22-11:24,초지동 이마트,15
2016-07-22-11:24,대부도관광안내소,0
2016-07-22-11:24,서울예술대학,10
2016-07-22-11:24,사세충열문사거리,9
2016-07-22-11:24,광덕고,3
2016-07-22-11:24,수암보도육교,3
2016-07-22-11:24,25시 문화광장(CGV 앞),6
2016-07-22-11:24,원시역(두산동아),6
2016-07-22-11:24,본오1동 주민센터,5
2016-07-22-11:24,한양대 기숙사,10
2016-07-22-11:24,양지중학교,9
2016-07-22-11:24,신길고 사거리,4
2016-07-22-11:24,석수골운동장,7
2016-07-22-11:24,상록수역(2번출구),9
2016-07-22-11:24,충효입구삼거리,7
2016-07-22-11:24,월피동주민센터,5
2016-07-22-11:24,안산시 환경교통국,12
2016-07-22-11:24,시외버스터미널(터미널사거리),3
2016-07-22-11:24,안산시청,4
2016-07-22-11:24,안산역,24
2016-07-22-11:24,시화호조력발전소,10
2016-07-22-11:24,성포동 경일초교 사거리,9
2016-07-22-11:24,상록구청,15
2016-07-22-11:24,대부바다향기 테마파크,11
2016-07-22-11:24,월피동 한양 APT,5
2016-07-22-11:24,한양대사거리,13
2016-07-22-11:24,건건천복개주차장,8
2016-07-22-11:24,본오동한양아파트,7
2016-07-22-11:24,중앙주유소사거리,13
2016-07-22-11:24,와동 면허시험장,7
2016-07-22-11:24,선부동 벽산블루밍,15
2016-07-22-11:24,본오2차아파트,11
2016-07-22-11:24,한양연립,10
2016-07-22-11:24,둔배미공원,17
2016-07-22-11:24,비츠로테크 맞은편,9
2016-07-22-11:24,안산문화광장,11
2016-07-22-11:24,본오중학교,7
2016-07-22-11:24,수암동거주자우선주차장,5
2016-07-22-11:24,중앙역(2번출구),10
2016-07-22-11:24,신 안산대학교,13
2016-07-22-11:24,신길초등학교,0
2016-07-22-11:24,중앙역(신도시),11
2016-07-22-11:24,상록구노인복지회관,5
2016-07-22-11:24,준공업단지사거리,11
2016-07-22-11:24,당곡 운동장,3
2016-07-22-11:24,성안중학교,16
2016-07-22-11:24,기업은행 반월지점,12
2016-07-22-11:24,선부고등학교,12
2016-07-22-11:24,단원구노인복지회관,10
2016-07-22-11:24,송호고등학교,5
2016-07-22-11:24,사동 GS주유소,10
2016-07-22-11:24,반월공원,14
2016-07-22-11:24,다농마트사거리,10
2016-07-22-11:24,초지역,10
2016-07-22-11:24,한양대앞역(환승주차장),24
2016-07-22-11:24,호수공원 APT,2
2016-07-22-11:24,중앙도서관,21
2016-07-22-11:24,한양대앞역(농수산물 도매시장),4
2016-07-22-11:24,노적봉사거리,12
2016-07-22-11:24,선부1동 주민센터,12
2016-07-22-11:24,강서고,7
2016-07-22-11:24,송호중학교,12
2016-07-22-11:24,검찰청정문,9
2016-07-22-11:24,이동 주민센터,2
2016-07-22-11:24,부곡종합시장,11
2016-07-22-11:24,안산디자인문화고등학교,12
2016-07-22-11:24,원곡본동 주민센터,5
2016-07-22-11:24,일동주민센터,12
2016-07-22-11:24,월피동 광덕시장,9
2016-07-22-11:24,안산 식물원,6
2016-07-22-11:24,고잔역(신도시),4
2016-07-22-11:24,관산도서관,8
2016-07-22-11:24,화랑유원지 제2주차장,6
2016-07-22-11:24,와스타디움(롯데마트),5
2016-07-22-11:24,고잔1동주민센터,8
2016-07-22-11:24,와동체육공원,12
2016-07-22-11:24,안산대학교,7
2016-07-22-11:24,은하수공원,12
2016-07-22-11:24,단원미술관,4
2016-07-22-11:24,와동 주민센터,7
2016-07-22-11:24,다문화 지원센터,17
2016-07-22-11:24,부곡도서관,3
2016-07-22-11:24,수변공원,3
2016-07-22-11:24,산업단지공단 경기지역본부,1
2016-07-22-11:24,조각공원,8
2016-07-22-11:24,감골시민홀,4
2016-07-22-11:24,군자주공13단지,13
2016-07-22-11:24,사3동주민센터,17
2016-07-22-11:24,고잔역(고대병원),6
2016-07-22-11:24,그린빌 10단지,1
2016-07-22-11:24,반월역,0
2016-07-22-11:24,성포중학교,9
2016-07-22-11:24,원곡2동 베스트 플라자,3
2016-07-22-11:24,관산중학교,8
2016-07-22-11:24,사2동주민센터,14
2016-07-22-11:24,U-정보센터,10
2016-07-22-11:24,단원구청,10
2016-07-22-11:24,선부동 롯데마트,8
2016-07-22-11:24,상록수역(1번출구),17
2016-07-22-11:24,올림픽 기념관,13
2016-07-22-11:24,중앙역맞은편,16
2016-07-22-11:24,초지동 이마트,15
2016-07-22-11:24,대부도관광안내소,0
2016-07-22-11:24,서울예술대학,10
2016-07-22-11:24,사세충열문사거리,9
2016-07-22-11:24,광덕고,4
2016-07-22-11:24,수암보도육교,3
2016-07-22-11:24,25시 문화광장(CGV 앞),6
2016-07-22-11:24,원시역(두산동아),6
2016-07-22-11:24,본오1동 주민센터,5
2016-07-22-11:24,한양대 기숙사,10
2016-07-22-11:24,양지중학교,9
2016-07-22-11:24,신길고 사거리,4
2016-07-22-11:24,석수골운동장,7
2016-07-22-11:24,상록수역(2번출구),9
2016-07-22-11:24,충효입구삼거리,7
2016-07-22-11:24,월피동주민센터,5
2016-07-22-11:24,안산시 환경교통국,12
2016-07-22-11:24,시외버스터미널(터미널사거리),3
2016-07-22-11:24,안산시청,4
2016-07-22-11:24,안산역,24
2016-07-22-11:24,시화호조력발전소,10
2016-07-22-11:24,성포동 경일초교 사거리,9
2016-07-22-11:24,상록구청,15
2016-07-22-11:24,대부바다향기 테마파크,11
2016-07-22-11:24,월피동 한양 APT,5
2016-07-22-11:24,한양대사거리,13
2016-07-22-11:24,건건천복개주차장,8
2016-07-22-11:24,본오동한양아파트,7
2016-07-22-11:24,중앙주유소사거리,13
2016-07-22-11:24,와동 면허시험장,7
2016-07-22-11:24,선부동 벽산블루밍,15
2016-07-22-11:24,본오2차아파트,11
2016-07-22-11:24,한양연립,10
2016-07-22-11:24,둔배미공원,17
2016-07-22-11:24,비츠로테크 맞은편,9
2016-07-22-11:24,안산문화광장,11
2016-07-22-11:24,본오중학교,7
2016-07-22-11:24,수암동거주자우선주차장,5
2016-07-22-11:24,중앙역(2번출구),10
2016-07-22-11:24,신 안산대학교,13
2016-07-22-11:24,신길초등학교,0
2016-07-22-11:24,중앙역(신도시),11
2016-07-22-11:24,상록구노인복지회관,5
2016-07-22-11:24,준공업단지사거리,11
2016-07-22-11:24,당곡 운동장,3
2016-07-22-11:24,성안중학교,16
2016-07-22-11:24,기업은행 반월지점,12
2016-07-22-11:24,선부고등학교,12
2016-07-22-11:24,단원구노인복지회관,10
2016-07-22-11:24,송호고등학교,5
2016-07-22-11:24,사동 GS주유소,10
2016-07-22-11:24,반월공원,14
2016-07-22-11:24,다농마트사거리,10
2016-07-22-11:24,초지역,10
2016-07-22-11:24,한양대앞역(환승주차장),24
2016-07-22-11:24,호수공원 APT,2
2016-07-22-11:24,중앙도서관,21
2016-07-22-11:24,한양대앞역(농수산물 도매시장),4
2016-07-22-11:24,노적봉사거리,12
2016-07-22-11:24,선부1동 주민센터,12
2016-07-22-11:24,강서고,7
2016-07-22-11:24,송호중학교,12
2016-07-22-11:24,검찰청정문,9
2016-07-22-11:24,이동 주민센터,2
2016-07-22-11:24,부곡종합시장,11
2016-07-22-11:24,안산디자인문화고등학교,12
2016-07-22-11:24,원곡본동 주민센터,5
2016-07-22-11:24,일동주민센터,12
2016-07-22-11:24,월피동 광덕시장,9
2016-07-22-11:24,안산 식물원,6
2016-07-22-11:24,고잔역(신도시),4
2016-07-22-11:24,관산도서관,8
2016-07-22-11:24,화랑유원지 제2주차장,6
2016-07-22-11:24,와스타디움(롯데마트),5
2016-07-22-11:24,고잔1동주민센터,8
2016-07-22-11:24,와동체육공원,12
2016-07-22-11:24,안산대학교,7
2016-07-22-11:24,은하수공원,12
2016-07-22-11:24,단원미술관,4
2016-07-22-11:24,와동 주민센터,7
2016-07-22-11:24,다문화 지원센터,17
2016-07-22-11:24,부곡도서관,3
2016-07-22-11:24,수변공원,3
2016-07-22-11:24,산업단지공단 경기지역본부,1
2016-07-22-11:24,조각공원,8
2016-07-22-11:24,감골시민홀,4
2016-07-22-11:24,군자주공13단지,13
2016-07-22-11:24,사3동주민센터,17
2016-07-22-11:24,고잔역(고대병원),6
2016-07-22-11:24,그린빌 10단지,1
2016-07-22-11:24,반월역,0
2016-07-22-11:24,성포중학교,9
2016-07-22-11:24,원곡2동 베스트 플라자,3
2016-07-22-11:24,관산중학교,8
2016-07-22-11:24,사2동주민센터,14
2016-07-22-11:24,U-정보센터,10
2016-07-22-11:24,단원구청,10
2016-07-22-11:24,선부동 롯데마트,8
2016-07-22-11:24,상록수역(1번출구),17
2016-07-22-11:24,올림픽 기념관,12
2016-07-22-11:24,중앙역맞은편,16
2016-07-22-11:24,초지동 이마트,15
2016-07-22-11:24,대부도관광안내소,0
2016-07-22-11:24,서울예술대학,10
2016-07-22-11:24,사세충열문사거리,9
2016-07-22-11:24,광덕고,5
2016-07-22-11:24,수암보도육교,3
2016-07-22-11:24,25시 문화광장(CGV 앞),6
2016-07-22-11:24,원시역(두산동아),6
2016-07-22-11:24,본오1동 주민센터,5
2016-07-22-11:24,한양대 기숙사,10
2016-07-22-11:24,양지중학교,9
2016-07-22-11:24,신길고 사거리,4
2016-07-22-11:24,석수골운동장,7
2016-07-22-11:24,상록수역(2번출구),9
2016-07-22-11:24,충효입구삼거리,7
2016-07-22-11:24,월피동주민센터,5
2016-07-22-11:24,안산시 환경교통국,12
2016-07-22-11:24,시외버스터미널(터미널사거리),3
2016-07-22-11:24,안산시청,4
2016-07-22-11:24,안산역,24
2016-07-22-11:24,시화호조력발전소,10
2016-07-22-11:24,성포동 경일초교 사거리,9
2016-07-22-11:24,상록구청,15
2016-07-22-11:24,대부바다향기 테마파크,11
2016-07-22-11:24,월피동 한양 APT,5
2016-07-22-11:24,한양대사거리,13
2016-07-22-11:24,건건천복개주차장,8
2016-07-22-11:24,본오동한양아파트,7
2016-07-22-11:24,중앙주유소사거리,13
2016-07-22-11:24,와동 면허시험장,7
2016-07-22-11:24,선부동 벽산블루밍,15
2016-07-22-11:24,본오2차아파트,11
2016-07-22-11:24,한양연립,10
2016-07-22-11:24,둔배미공원,17
2016-07-22-11:24,비츠로테크 맞은편,9
2016-07-22-11:24,안산문화광장,11
2016-07-22-11:24,본오중학교,7
2016-07-22-11:24,수암동거주자우선주차장,5
2016-07-22-11:25,중앙역(2번출구),10
2016-07-22-11:25,신 안산대학교,13
2016-07-22-11:25,신길초등학교,0
2016-07-22-11:25,중앙역(신도시),11
2016-07-22-11:25,상록구노인복지회관,5
2016-07-22-11:25,준공업단지사거리,11
2016-07-22-11:25,당곡 운동장,3
2016-07-22-11:25,성안중학교,16
2016-07-22-11:25,기업은행 반월지점,12
2016-07-22-11:25,선부고등학교,12
2016-07-22-11:25,단원구노인복지회관,10
2016-07-22-11:25,송호고등학교,5
2016-07-22-11:25,사동 GS주유소,10
2016-07-22-11:25,반월공원,14
2016-07-22-11:25,다농마트사거리,10
2016-07-22-11:25,초지역,10
2016-07-22-11:25,한양대앞역(환승주차장),24
2016-07-22-11:25,호수공원 APT,2
2016-07-22-11:25,중앙도서관,21
2016-07-22-11:25,한양대앞역(농수산물 도매시장),4
2016-07-22-11:25,노적봉사거리,12
2016-07-22-11:25,선부1동 주민센터,12
2016-07-22-11:25,강서고,7
2016-07-22-11:25,송호중학교,12
2016-07-22-11:25,검찰청정문,9
2016-07-22-11:25,이동 주민센터,2
2016-07-22-11:25,부곡종합시장,11
2016-07-22-11:25,안산디자인문화고등학교,12
2016-07-22-11:25,원곡본동 주민센터,5
2016-07-22-11:25,일동주민센터,12
2016-07-22-11:25,월피동 광덕시장,9
2016-07-22-11:25,안산 식물원,6
2016-07-22-11:25,고잔역(신도시),4
2016-07-22-11:25,관산도서관,8
2016-07-22-11:25,화랑유원지 제2주차장,6
2016-07-22-11:25,와스타디움(롯데마트),5
2016-07-22-11:25,고잔1동주민센터,8
2016-07-22-11:25,와동체육공원,12
2016-07-22-11:25,안산대학교,7
2016-07-22-11:25,은하수공원,12
2016-07-22-11:25,단원미술관,4
2016-07-22-11:25,와동 주민센터,7
2016-07-22-11:25,다문화 지원센터,17
2016-07-22-11:25,부곡도서관,3
2016-07-22-11:25,수변공원,3
2016-07-22-11:25,산업단지공단 경기지역본부,1
2016-07-22-11:25,조각공원,8
2016-07-22-11:25,감골시민홀,4
2016-07-22-11:25,군자주공13단지,13
2016-07-22-11:25,사3동주민센터,17
2016-07-22-11:25,고잔역(고대병원),6
2016-07-22-11:25,그린빌 10단지,1
2016-07-22-11:25,반월역,0
2016-07-22-11:25,성포중학교,9
2016-07-22-11:25,원곡2동 베스트 플라자,3
2016-07-22-11:25,관산중학교,8
2016-07-22-11:25,사2동주민센터,14
2016-07-22-11:25,U-정보센터,10
2016-07-22-11:25,단원구청,10
2016-07-22-11:25,선부동 롯데마트,8
2016-07-22-11:25,상록수역(1번출구),17
2016-07-22-11:25,올림픽 기념관,12
2016-07-22-11:25,중앙역맞은편,16
2016-07-22-11:25,초지동 이마트,15
2016-07-22-11:25,대부도관광안내소,0
2016-07-22-11:25,서울예술대학,10
2016-07-22-11:25,사세충열문사거리,9
2016-07-22-11:25,광덕고,5
2016-07-22-11:25,수암보도육교,3
2016-07-22-11:25,25시 문화광장(CGV 앞),6
2016-07-22-11:25,원시역(두산동아),6
2016-07-22-11:25,본오1동 주민센터,5
2016-07-22-11:25,한양대 기숙사,10
2016-07-22-11:25,양지중학교,9
2016-07-22-11:25,신길고 사거리,4
2016-07-22-11:25,석수골운동장,7
2016-07-22-11:25,상록수역(2번출구),9
2016-07-22-11:25,충효입구삼거리,8
2016-07-22-11:25,월피동주민센터,5
2016-07-22-11:25,안산시 환경교통국,12
2016-07-22-11:25,시외버스터미널(터미널사거리),3
2016-07-22-11:25,안산시청,4
2016-07-22-11:25,안산역,24
2016-07-22-11:25,시화호조력발전소,10
2016-07-22-11:25,성포동 경일초교 사거리,9
2016-07-22-11:25,상록구청,15
2016-07-22-11:25,대부바다향기 테마파크,11
2016-07-22-11:25,월피동 한양 APT,5
2016-07-22-11:25,한양대사거리,13
2016-07-22-11:25,건건천복개주차장,8
2016-07-22-11:25,본오동한양아파트,7
2016-07-22-11:25,중앙주유소사거리,13
2016-07-22-11:25,와동 면허시험장,7
2016-07-22-11:25,선부동 벽산블루밍,15
2016-07-22-11:25,본오2차아파트,11
2016-07-22-11:25,한양연립,10
2016-07-22-11:25,둔배미공원,17
2016-07-22-11:25,비츠로테크 맞은편,9
2016-07-22-11:25,안산문화광장,11
2016-07-22-11:25,본오중학교,7
2016-07-22-11:25,수암동거주자우선주차장,5
2016-07-22-11:25,중앙역(2번출구),10
2016-07-22-11:25,신 안산대학교,13
2016-07-22-11:25,신길초등학교,0
2016-07-22-11:25,중앙역(신도시),11
2016-07-22-11:25,상록구노인복지회관,5
2016-07-22-11:25,준공업단지사거리,11
2016-07-22-11:25,당곡 운동장,3
2016-07-22-11:25,성안중학교,16
2016-07-22-11:25,기업은행 반월지점,12
2016-07-22-11:25,선부고등학교,12
2016-07-22-11:25,단원구노인복지회관,10
2016-07-22-11:25,송호고등학교,5
2016-07-22-11:25,사동 GS주유소,10
2016-07-22-11:25,반월공원,14
2016-07-22-11:25,다농마트사거리,10
2016-07-22-11:25,초지역,10
2016-07-22-11:25,한양대앞역(환승주차장),24
2016-07-22-11:25,호수공원 APT,2
2016-07-22-11:25,중앙도서관,21
2016-07-22-11:25,한양대앞역(농수산물 도매시장),4
2016-07-22-11:25,노적봉사거리,12
2016-07-22-11:25,선부1동 주민센터,12
2016-07-22-11:25,강서고,7
2016-07-22-11:25,송호중학교,12
2016-07-22-11:25,검찰청정문,9
2016-07-22-11:25,이동 주민센터,2
2016-07-22-11:25,부곡종합시장,11
2016-07-22-11:25,안산디자인문화고등학교,12
2016-07-22-11:25,원곡본동 주민센터,5
2016-07-22-11:25,일동주민센터,12
2016-07-22-11:25,월피동 광덕시장,9
2016-07-22-11:25,안산 식물원,6
2016-07-22-11:25,고잔역(신도시),4
2016-07-22-11:25,관산도서관,8
2016-07-22-11:25,화랑유원지 제2주차장,6
2016-07-22-11:25,와스타디움(롯데마트),5
2016-07-22-11:25,고잔1동주민센터,8
2016-07-22-11:25,와동체육공원,12
2016-07-22-11:25,안산대학교,7
2016-07-22-11:25,은하수공원,12
2016-07-22-11:25,단원미술관,4
2016-07-22-11:25,와동 주민센터,7
2016-07-22-11:25,다문화 지원센터,17
2016-07-22-11:25,부곡도서관,3
2016-07-22-11:25,수변공원,3
2016-07-22-11:25,산업단지공단 경기지역본부,1
2016-07-22-11:25,조각공원,8
2016-07-22-11:25,감골시민홀,4
2016-07-22-11:25,군자주공13단지,13
2016-07-22-11:25,사3동주민센터,17
2016-07-22-11:25,고잔역(고대병원),6
2016-07-22-11:25,그린빌 10단지,1
2016-07-22-11:25,반월역,0
2016-07-22-11:25,성포중학교,9
2016-07-22-11:25,원곡2동 베스트 플라자,3
2016-07-22-11:25,관산중학교,8
2016-07-22-11:25,사2동주민센터,14
2016-07-22-11:25,U-정보센터,10
2016-07-22-11:25,단원구청,10
2016-07-22-11:25,선부동 롯데마트,8
2016-07-22-11:25,상록수역(1번출구),17
2016-07-22-11:25,올림픽 기념관,12
2016-07-22-11:25,중앙역맞은편,16
2016-07-22-11:25,초지동 이마트,15
2016-07-22-11:25,대부도관광안내소,0
2016-07-22-11:25,서울예술대학,10
2016-07-22-11:25,사세충열문사거리,9
2016-07-22-11:25,광덕고,5
2016-07-22-11:25,수암보도육교,3
2016-07-22-11:25,25시 문화광장(CGV 앞),6
2016-07-22-11:25,원시역(두산동아),6
2016-07-22-11:25,본오1동 주민센터,5
2016-07-22-11:25,한양대 기숙사,10
2016-07-22-11:25,양지중학교,9
2016-07-22-11:25,신길고 사거리,4
2016-07-22-11:25,석수골운동장,7
2016-07-22-11:25,상록수역(2번출구),9
2016-07-22-11:25,충효입구삼거리,8
2016-07-22-11:25,월피동주민센터,5
2016-07-22-11:25,안산시 환경교통국,12
2016-07-22-11:25,시외버스터미널(터미널사거리),3
2016-07-22-11:25,안산시청,4
2016-07-22-11:25,안산역,24
2016-07-22-11:25,시화호조력발전소,10
2016-07-22-11:25,성포동 경일초교 사거리,9
2016-07-22-11:25,상록구청,15
2016-07-22-11:25,대부바다향기 테마파크,11
2016-07-22-11:25,월피동 한양 APT,5
2016-07-22-11:25,한양대사거리,13
2016-07-22-11:25,건건천복개주차장,8
2016-07-22-11:25,본오동한양아파트,7
2016-07-22-11:25,중앙주유소사거리,13
2016-07-22-11:25,와동 면허시험장,7
2016-07-22-11:25,선부동 벽산블루밍,15
2016-07-22-11:25,본오2차아파트,11
2016-07-22-11:25,한양연립,10
2016-07-22-11:25,둔배미공원,17
2016-07-22-11:25,비츠로테크 맞은편,9
2016-07-22-11:25,안산문화광장,11
2016-07-22-11:25,본오중학교,7
2016-07-22-11:25,수암동거주자우선주차장,5
2016-07-22-11:25,중앙역(2번출구),10
2016-07-22-11:25,신 안산대학교,13
2016-07-22-11:25,신길초등학교,0
2016-07-22-11:25,중앙역(신도시),11
2016-07-22-11:25,상록구노인복지회관,5
2016-07-22-11:25,준공업단지사거리,11
2016-07-22-11:25,당곡 운동장,3
2016-07-22-11:25,성안중학교,16
2016-07-22-11:25,기업은행 반월지점,12
2016-07-22-11:25,선부고등학교,12
2016-07-22-11:25,단원구노인복지회관,10
2016-07-22-11:25,송호고등학교,5
2016-07-22-11:25,사동 GS주유소,10
2016-07-22-11:25,반월공원,14
2016-07-22-11:25,다농마트사거리,10
2016-07-22-11:25,초지역,10
2016-07-22-11:25,한양대앞역(환승주차장),24
2016-07-22-11:25,호수공원 APT,2
2016-07-22-11:25,중앙도서관,21
2016-07-22-11:25,한양대앞역(농수산물 도매시장),4
2016-07-22-11:25,노적봉사거리,12
2016-07-22-11:25,선부1동 주민센터,12
2016-07-22-11:25,강서고,7
2016-07-22-11:25,송호중학교,12
2016-07-22-11:25,검찰청정문,9
2016-07-22-11:25,이동 주민센터,2
2016-07-22-11:25,부곡종합시장,11
2016-07-22-11:25,안산디자인문화고등학교,12
2016-07-22-11:25,원곡본동 주민센터,5
2016-07-22-11:25,일동주민센터,12
2016-07-22-11:25,월피동 광덕시장,9
2016-07-22-11:25,안산 식물원,6
2016-07-22-11:25,고잔역(신도시),4
2016-07-22-11:25,관산도서관,8
2016-07-22-11:25,화랑유원지 제2주차장,6
2016-07-22-11:25,와스타디움(롯데마트),5
2016-07-22-11:25,고잔1동주민센터,8
2016-07-22-11:25,와동체육공원,12
2016-07-22-11:25,안산대학교,7
2016-07-22-11:25,은하수공원,12
2016-07-22-11:25,단원미술관,4
2016-07-22-11:25,와동 주민센터,7
2016-07-22-11:25,다문화 지원센터,17
2016-07-22-11:25,부곡도서관,3
2016-07-22-11:25,수변공원,3
2016-07-22-11:25,산업단지공단 경기지역본부,1
2016-07-22-11:25,조각공원,8
2016-07-22-11:25,감골시민홀,4
2016-07-22-11:25,군자주공13단지,13
2016-07-22-11:25,사3동주민센터,17
2016-07-22-11:25,고잔역(고대병원),6
2016-07-22-11:25,그린빌 10단지,1
2016-07-22-11:25,반월역,0
2016-07-22-11:25,성포중학교,9
2016-07-22-11:25,원곡2동 베스트 플라자,3
2016-07-22-11:25,관산중학교,8
2016-07-22-11:25,사2동주민센터,14
2016-07-22-11:25,U-정보센터,10
2016-07-22-11:25,단원구청,10
2016-07-22-11:25,선부동 롯데마트,8
2016-07-22-11:25,상록수역(1번출구),17
2016-07-22-11:25,올림픽 기념관,12
2016-07-22-11:25,중앙역맞은편,16
2016-07-22-11:25,초지동 이마트,15
2016-07-22-11:25,대부도관광안내소,0
2016-07-22-11:25,서울예술대학,10
2016-07-22-11:25,사세충열문사거리,9
2016-07-22-11:25,광덕고,5
2016-07-22-11:25,수암보도육교,3
2016-07-22-11:25,25시 문화광장(CGV 앞),6
2016-07-22-11:25,원시역(두산동아),6
2016-07-22-11:25,본오1동 주민센터,5
2016-07-22-11:25,한양대 기숙사,10
2016-07-22-11:25,양지중학교,9
2016-07-22-11:25,신길고 사거리,4
2016-07-22-11:25,석수골운동장,7
2016-07-22-11:25,상록수역(2번출구),9
2016-07-22-11:25,충효입구삼거리,8
2016-07-22-11:25,월피동주민센터,5
2016-07-22-11:25,안산시 환경교통국,12
2016-07-22-11:25,시외버스터미널(터미널사거리),3
2016-07-22-11:25,안산시청,4
2016-07-22-11:25,안산역,24
2016-07-22-11:25,시화호조력발전소,10
2016-07-22-11:25,성포동 경일초교 사거리,8
2016-07-22-11:25,상록구청,15
2016-07-22-11:25,대부바다향기 테마파크,11
2016-07-22-11:25,월피동 한양 APT,5
2016-07-22-11:25,한양대사거리,13
2016-07-22-11:25,건건천복개주차장,8
2016-07-22-11:25,본오동한양아파트,7
2016-07-22-11:25,중앙주유소사거리,13
2016-07-22-11:25,와동 면허시험장,7
2016-07-22-11:25,선부동 벽산블루밍,15
2016-07-22-11:25,본오2차아파트,11
2016-07-22-11:25,한양연립,10
2016-07-22-11:25,둔배미공원,17
2016-07-22-11:25,비츠로테크 맞은편,9
2016-07-22-11:25,안산문화광장,10
2016-07-22-11:25,본오중학교,7
2016-07-22-11:25,수암동거주자우선주차장,5
2016-07-22-11:25,중앙역(2번출구),10
2016-07-22-11:25,신 안산대학교,13
2016-07-22-11:25,신길초등학교,0
2016-07-22-11:25,중앙역(신도시),11
2016-07-22-11:25,상록구노인복지회관,5
2016-07-22-11:25,준공업단지사거리,11
2016-07-22-11:25,당곡 운동장,3
2016-07-22-11:25,성안중학교,16
2016-07-22-11:25,기업은행 반월지점,12
2016-07-22-11:25,선부고등학교,12
2016-07-22-11:25,단원구노인복지회관,10
2016-07-22-11:25,송호고등학교,5
2016-07-22-11:25,사동 GS주유소,10
2016-07-22-11:25,반월공원,14
2016-07-22-11:25,다농마트사거리,10
2016-07-22-11:25,초지역,10
2016-07-22-11:25,한양대앞역(환승주차장),24
2016-07-22-11:25,호수공원 APT,2
2016-07-22-11:25,중앙도서관,21
2016-07-22-11:25,한양대앞역(농수산물 도매시장),4
2016-07-22-11:25,노적봉사거리,12
2016-07-22-11:25,선부1동 주민센터,12
2016-07-22-11:25,강서고,7
2016-07-22-11:25,송호중학교,12
2016-07-22-11:25,검찰청정문,9
2016-07-22-11:25,이동 주민센터,2
2016-07-22-11:25,부곡종합시장,11
2016-07-22-11:25,안산디자인문화고등학교,12
2016-07-22-11:25,원곡본동 주민센터,5
2016-07-22-11:25,일동주민센터,12
2016-07-22-11:25,월피동 광덕시장,9
2016-07-22-11:25,안산 식물원,6
2016-07-22-11:25,고잔역(신도시),4
2016-07-22-11:25,관산도서관,8
2016-07-22-11:25,화랑유원지 제2주차장,6
2016-07-22-11:25,와스타디움(롯데마트),5
2016-07-22-11:25,고잔1동주민센터,8
2016-07-22-11:25,와동체육공원,12
2016-07-22-11:25,안산대학교,7
2016-07-22-11:25,은하수공원,12
2016-07-22-11:25,단원미술관,4
2016-07-22-11:25,와동 주민센터,7
2016-07-22-11:25,다문화 지원센터,17
2016-07-22-11:25,부곡도서관,3
2016-07-22-11:25,수변공원,3
2016-07-22-11:25,산업단지공단 경기지역본부,1
2016-07-22-11:25,조각공원,8
2016-07-22-11:25,감골시민홀,4
2016-07-22-11:25,군자주공13단지,13
2016-07-22-11:25,사3동주민센터,17
2016-07-22-11:25,고잔역(고대병원),6
2016-07-22-11:25,그린빌 10단지,1
2016-07-22-11:25,반월역,0
2016-07-22-11:25,성포중학교,9
2016-07-22-11:25,원곡2동 베스트 플라자,3
2016-07-22-11:25,관산중학교,8
2016-07-22-11:25,사2동주민센터,14
2016-07-22-11:25,U-정보센터,10
2016-07-22-11:25,단원구청,10
2016-07-22-11:25,선부동 롯데마트,8
2016-07-22-11:25,상록수역(1번출구),17
2016-07-22-11:25,올림픽 기념관,12
2016-07-22-11:25,중앙역맞은편,16
2016-07-22-11:25,초지동 이마트,15
2016-07-22-11:25,대부도관광안내소,0
2016-07-22-11:25,서울예술대학,10
2016-07-22-11:25,사세충열문사거리,9
2016-07-22-11:25,광덕고,5
2016-07-22-11:25,수암보도육교,3
2016-07-22-11:25,25시 문화광장(CGV 앞),6
2016-07-22-11:25,원시역(두산동아),6
2016-07-22-11:25,본오1동 주민센터,5
2016-07-22-11:25,한양대 기숙사,10
2016-07-22-11:25,양지중학교,9
2016-07-22-11:25,신길고 사거리,4
2016-07-22-11:25,석수골운동장,7
2016-07-22-11:25,상록수역(2번출구),9
2016-07-22-11:25,충효입구삼거리,8
2016-07-22-11:25,월피동주민센터,5
2016-07-22-11:25,안산시 환경교통국,12
2016-07-22-11:25,시외버스터미널(터미널사거리),3
2016-07-22-11:25,안산시청,4
2016-07-22-11:25,안산역,24
2016-07-22-11:25,시화호조력발전소,10
2016-07-22-11:25,성포동 경일초교 사거리,8
2016-07-22-11:25,상록구청,15
2016-07-22-11:25,대부바다향기 테마파크,11
2016-07-22-11:25,월피동 한양 APT,5
2016-07-22-11:25,한양대사거리,13
2016-07-22-11:25,건건천복개주차장,8
2016-07-22-11:25,본오동한양아파트,7
2016-07-22-11:25,중앙주유소사거리,13
2016-07-22-11:25,와동 면허시험장,7
2016-07-22-11:25,선부동 벽산블루밍,15
2016-07-22-11:25,본오2차아파트,11
2016-07-22-11:25,한양연립,10
2016-07-22-11:25,둔배미공원,17
2016-07-22-11:25,비츠로테크 맞은편,9
2016-07-22-11:25,안산문화광장,10
2016-07-22-11:25,본오중학교,7
2016-07-22-11:25,수암동거주자우선주차장,5
2016-07-22-11:25,중앙역(2번출구),10
2016-07-22-11:25,신 안산대학교,13
2016-07-22-11:25,신길초등학교,0
2016-07-22-11:25,중앙역(신도시),11
2016-07-22-11:25,상록구노인복지회관,5
2016-07-22-11:25,준공업단지사거리,11
2016-07-22-11:25,당곡 운동장,3
2016-07-22-11:25,성안중학교,16
2016-07-22-11:25,기업은행 반월지점,12
2016-07-22-11:25,선부고등학교,12
2016-07-22-11:25,단원구노인복지회관,10
2016-07-22-11:25,송호고등학교,5
2016-07-22-11:25,사동 GS주유소,10
2016-07-22-11:25,반월공원,14
2016-07-22-11:25,다농마트사거리,10
2016-07-22-11:25,초지역,10
2016-07-22-11:25,한양대앞역(환승주차장),24
2016-07-22-11:25,호수공원 APT,2
2016-07-22-11:25,중앙도서관,21
2016-07-22-11:25,한양대앞역(농수산물 도매시장),4
2016-07-22-11:25,노적봉사거리,12
2016-07-22-11:25,선부1동 주민센터,12
2016-07-22-11:25,강서고,7
2016-07-22-11:25,송호중학교,13
2016-07-22-11:25,검찰청정문,9
2016-07-22-11:25,이동 주민센터,2
2016-07-22-11:25,부곡종합시장,11
2016-07-22-11:25,안산디자인문화고등학교,12
2016-07-22-11:25,원곡본동 주민센터,5
2016-07-22-11:25,일동주민센터,12
2016-07-22-11:25,월피동 광덕시장,9
2016-07-22-11:25,안산 식물원,6
2016-07-22-11:25,고잔역(신도시),4
2016-07-22-11:25,관산도서관,8
2016-07-22-11:25,화랑유원지 제2주차장,6
2016-07-22-11:25,와스타디움(롯데마트),5
2016-07-22-11:25,고잔1동주민센터,8
2016-07-22-11:25,와동체육공원,12
2016-07-22-11:25,안산대학교,7
2016-07-22-11:25,은하수공원,12
2016-07-22-11:25,단원미술관,4
2016-07-22-11:25,와동 주민센터,7
2016-07-22-11:25,다문화 지원센터,17
2016-07-22-11:25,부곡도서관,3
2016-07-22-11:25,수변공원,3
2016-07-22-11:25,산업단지공단 경기지역본부,1
2016-07-22-11:25,조각공원,8
2016-07-22-11:25,감골시민홀,4
2016-07-22-11:25,군자주공13단지,13
2016-07-22-11:25,사3동주민센터,17
2016-07-22-11:25,고잔역(고대병원),6
2016-07-22-11:25,그린빌 10단지,1
2016-07-22-11:25,반월역,0
2016-07-22-11:25,성포중학교,9
2016-07-22-11:25,원곡2동 베스트 플라자,3
2016-07-22-11:25,관산중학교,8
2016-07-22-11:25,사2동주민센터,14
2016-07-22-11:25,U-정보센터,10
2016-07-22-11:25,단원구청,10
2016-07-22-11:25,선부동 롯데마트,8
2016-07-22-11:25,상록수역(1번출구),17
2016-07-22-11:25,올림픽 기념관,12
2016-07-22-11:25,중앙역맞은편,16
2016-07-22-11:25,초지동 이마트,15
2016-07-22-11:25,대부도관광안내소,0
2016-07-22-11:25,서울예술대학,10
2016-07-22-11:25,사세충열문사거리,9
2016-07-22-11:25,광덕고,5
2016-07-22-11:25,수암보도육교,3
2016-07-22-11:25,25시 문화광장(CGV 앞),6
2016-07-22-11:25,원시역(두산동아),6
2016-07-22-11:25,본오1동 주민센터,5
2016-07-22-11:25,한양대 기숙사,10
2016-07-22-11:25,양지중학교,9
2016-07-22-11:25,신길고 사거리,4
2016-07-22-11:25,석수골운동장,7
2016-07-22-11:25,상록수역(2번출구),9
2016-07-22-11:25,충효입구삼거리,8
2016-07-22-11:25,월피동주민센터,5
2016-07-22-11:25,안산시 환경교통국,12
2016-07-22-11:25,시외버스터미널(터미널사거리),3
2016-07-22-11:25,안산시청,4
2016-07-22-11:25,안산역,24
2016-07-22-11:25,시화호조력발전소,10
2016-07-22-11:25,성포동 경일초교 사거리,8
2016-07-22-11:25,상록구청,15
2016-07-22-11:25,대부바다향기 테마파크,11
2016-07-22-11:25,월피동 한양 APT,5
2016-07-22-11:25,한양대사거리,13
2016-07-22-11:25,건건천복개주차장,8
2016-07-22-11:25,본오동한양아파트,7
2016-07-22-11:25,중앙주유소사거리,13
2016-07-22-11:25,와동 면허시험장,7
2016-07-22-11:25,선부동 벽산블루밍,15
2016-07-22-11:25,본오2차아파트,11
2016-07-22-11:25,한양연립,10
2016-07-22-11:25,둔배미공원,17
2016-07-22-11:25,비츠로테크 맞은편,9
2016-07-22-11:25,안산문화광장,10
2016-07-22-11:25,본오중학교,7
2016-07-22-11:25,수암동, -
